<?xml version="1.0" encoding="UTF-8" standalone="yes"?>
<addon id="plugin.video.indexer" name="Media Indexer" version="1.2.0" provider-name="1X &amp; Geamanu">
  <requires>
    <import addon="xbmc.python" version="3.0.0"/>
    <import addon="script.module.requests"/>
    <import addon="script.module.beautifulsoup4"/>
  </requires>
  <extension point="xbmc.python.pluginsource" library="main.py">
    <provides>video</provides>
  </extension>
  <extension point="xbmc.addon.metadata">
    <summary lang="en_GB">Indexer for FTP/HTTP sources</summary>
    <description lang="en_GB">A plugin to scan FTP or HTTP sources, build a unified library, and browse media.</description>
    <disclaimer lang="en_GB"></disclaimer>
    <language></language>
    <platform>all</platform>
    <license></license>
    <forum></forum>
    <website></website>
    <email></email>
    <source></source>
    <news></news>
    <assets>
      <icon>icon.png</icon>
      <fanart>fanart.jpg</fanart>
    </assets>
  </extension>
</addon>
