<?xml version="1.0" encoding="UTF-8" standalone="yes"?>
<addon id="plugin.video.hub" name="HUB" version="1.2.0" provider-name="1X&amp;Geamanu">
  <requires>
    <import addon="xbmc.python" version="3.0.0"/>
    <import addon="script.module.requests"/>
  </requires>
  <extension point="xbmc.python.pluginsource" library="main.py">
    <provides>video</provides>
  </extension>
  <extension point="xbmc.addon.metadata">
    <summary lang="en_GB">HUB Plugin</summary>
    <description lang="en_GB">A central hub for multiple video and audio plugins.</description>
    <disclaimer lang="en_GB"></disclaimer>
    <platform>all</platform>
    <license></license>
    <forum></forum>
    <website></website>
    <email></email>
    <source></source>
    <assets>
      <icon>resources/icon.png</icon>
      <fanart>resources/fanart.jpg</fanart>
    </assets>
  </extension>
</addon>