<?xml version="1.0" encoding="UTF-8" standalone="yes"?>
<addon id="script.module.resolveurl" name="ResolveURL" version="5.1.155" provider-name="gujal">
    <requires>
        <import addon="script.module.six" />
        <import addon="script.module.kodi-six" />
        <import addon="plugin.video.youtube" optional="true" />
        <import addon="script.module.python.twitch" optional="true" />
        <import addon="plugin.googledrive" optional="true" />
    </requires>
    <extension point="xbmc.python.module" library="lib" />
    <extension point="xbmc.python.pluginsource" library="lib/default.py" />
    <extension point="xbmc.addon.metadata">
        <platform>all</platform>
        <summary lang="en_GB">Resolve common video host URL's to be playable in XBMC/Kodi.</summary>
        <assets>
            <icon>icon.png</icon>
            <fanart>fanart.jpg</fanart>
        </assets>
    </extension>
</addon>
