<?xml version="1.0" encoding="UTF-8" standalone="yes"?>
<addon id="plugin.video.hublive" name="HubLive" version="1.0.1" provider-name="1X si Geamanu">
  <requires>
    <import addon="xbmc.python" version="3.0.0"/>
    <import addon="script.module.requests"/>
  </requires>
  <extension point="xbmc.python.pluginsource" library="main.py">
    <provides>video</provides>
  </extension>
  <extension point="xbmc.addon.metadata">
    <summary lang="en_GB">Hub Live Plugin</summary>
    <description lang="en_GB">Plays a premium M3U list with dynamic token generation.</description>
    <disclaimer lang="en_GB"></disclaimer>
    <platform>all</platform>
    <license></license>
    <forum></forum>
    <website></website>
    <email></email>
    <source></source>
    <assets>
      <icon>icon.png</icon>
      <fanart>fanart.jpg</fanart>
    </assets>
  </extension>
</addon>
