<?xml version="1.0" encoding="UTF-8" standalone="yes"?>
<addon id="repository.hub" name="HUB Repository" version="1.0.0" provider-name="Geamanu">
    <extension point="xbmc.addon.repository" name="HUB Repository">
        <info compressed="false">https://raw.githubusercontent.com/staycanuca/hub/main/addons.xml</info>
        <checksum>https://raw.githubusercontent.com/staycanuca/hub/main/addons.xml.md5</checksum>
        <datadir zip="true">https://raw.githubusercontent.com/staycanuca/hub/main/zips/</datadir>
    </extension>
    <extension point="xbmc.addon.metadata">
        <summary>The official repository for HUB and other plugins</summary>
        <description>Download and install addons from the HUB repository.</description>
        <platform>all</platform>
    </extension>
</addon>