[{"title": "ABC USA", "link": "/stream/stream-51.php"}, {"title": "AHC (American Heroes Channel)", "link": "/stream/stream-206.php"}, {"title": "Antenna TV USA", "link": "/stream/stream-283.php"}, {"title": "A&E USA", "link": "/stream/stream-302.php"}, {"title": "AMC USA", "link": "/stream/stream-303.php"}, {"title": "Animal Planet", "link": "/stream/stream-304.php"}, {"title": "Astro SuperSport 1", "link": "/stream/stream-123.php"}, {"title": "Astro SuperSport 2", "link": "/stream/stream-124.php"}, {"title": "Astro SuperSport 3", "link": "/stream/stream-125.php"}, {"title": "Astro SuperSport 4", "link": "/stream/stream-126.php"}, {"title": "Arena Sport 1 Premium", "link": "/stream/stream-134.php"}, {"title": "Arena Sport 2 Premium", "link": "/stream/stream-135.php"}, {"title": "Arena Sport 3 Premium", "link": "/stream/stream-139.php"}, {"title": "Arena Sport 1 Serbia", "link": "/stream/stream-429.php"}, {"title": "Arena Sport 2 Serbia", "link": "/stream/stream-430.php"}, {"title": "Arena Sport 3 Serbia", "link": "/stream/stream-431.php"}, {"title": "Arena Sport 4 Serbia", "link": "/stream/stream-581.php"}, {"title": "Arena Sport 1 Croatia", "link": "/stream/stream-432.php"}, {"title": "Arena Sport 2 Croatia", "link": "/stream/stream-433.php"}, {"title": "Arena Sport 3 Croatia", "link": "/stream/stream-434.php"}, {"title": "Arena Sport 4 Croatia", "link": "/stream/stream-580.php"}, {"title": "Alkass One", "link": "/stream/stream-781.php"}, {"title": "Alkass Two", "link": "/stream/stream-782.php"}, {"title": "Alkass Three", "link": "/stream/stream-783.php"}, {"title": "Alkass Four", "link": "/stream/stream-784.php"}, {"title": "Arena Sport 1 BiH", "link": "/stream/stream-579.php"}, {"title": "Abu Dhabi Sports 1 UAE", "link": "/stream/stream-600.php"}, {"title": "Abu Dhabi Sports 2 UAE", "link": "/stream/stream-601.php"}, {"title": "Abu Dhabi Sports 1 Premium", "link": "/stream/stream-609.php"}, {"title": "Abu Dhabi Sports 2 Premium", "link": "/stream/stream-610.php"}]