<?xml version="1.0" encoding="UTF-8" standalone="yes"?>
<addon id="repository.hub" name="Hub Repo" version="1.1.1" provider-name="1x">
    <extension point="xbmc.addon.repository" name="Hub Repo">
		<dir>
			<info compressed="false">https://raw.githubusercontent.com/staycanuca/hub/main/zip/addons.xml</info>
			<checksum>https://raw.githubusercontent.com/staycanuca/hub/main/zip/addons.xml.md5</checksum>
			<datadir zip="true">https://raw.githubusercontent.com/staycanuca/hub/main/zip/</datadir>
			<hashes>false</hashes>
		</dir>
    </extension>
    <extension point="xbmc.addon.metadata">
        <summary lang="en_GB">Hub Repository</summary>
        <description lang="en_GB">Repo for Hub.</description>
        <platform>all</platform>
        <assets>
            <icon>icon.png</icon>
			<fanart>fanart.jpg</fanart>
        </assets>
    </extension>
</addon>